energy_gev,unoscillated_numu_flux_per_gev_m2_pot,p_mumu_prem,p_mumu_constant_2p848,cc_xsec_1e38_cm2,selection_efficiency_proxy,selected_events_per_gev_per_pot
0.125,7.36421084e-12,0.3467924616524214,0.3437101415128924,0.0,0.3546925,0.0
0.375,1.36532008e-11,0.5328187423858821,0.5320876106809557,0.18840013112876733,0.5130295,1.6937464717571594e-20
0.625,2.3163102e-11,0.6100470069496148,0.6096957365258888,0.47396532949907655,0.6642375,1.0716201684079e-19
0.875,3.07193532e-11,0.15474461600386238,0.15455908079063052,0.7517634812246093,0.7325055,6.305661068659204e-20
1.125,3.60870544e-11,0.7690433094027758,0.7692000546716387,1.0092170026147333,0.8554105000000001,5.77128154880468e-19
1.375,3.91193924e-11,0.940526082357645,0.9415910783180993,1.184271013396996,0.9153495,9.607533032669858e-19
1.625,3.98056264e-11,0.6356574817397482,0.6369869940490243,1.3217570024420384,0.9351845000000001,7.5340316327642715e-19
1.875,4.32165636e-11,0.31975353086782315,0.32091772587947714,1.501028339577484,0.948156,4.7374557087259605e-19
2.125,4.47214196e-11,0.12279741883155415,0.12367420527576174,1.6445152990633698,0.945878,2.0577317345901307e-19
2.375,4.44079172e-11,0.033955317528024186,0.034559689071117734,1.700470914677211,0.9364079999999999,5.783802008249476e-20
2.625,4.5316966e-11,0.017040671758750413,0.017426548678443197,1.8979347063916716,0.926499,3.2710309478992885e-20
2.875,4.5580652e-11,0.042046653458755696,0.04226916194101272,1.974255229596123,0.9323695,8.497950906050497e-20
3.125,4.20174844e-11,0.08907238357834105,0.0891769525511164,2.1622093676375407,0.93527,1.823134728767553e-19
3.375,3.62152488e-11,0.14602430108681885,0.1460454725820384,2.3246846286898526,0.9445985,2.7972984114656427e-19
3.625,3.00391296e-11,0.20591111298597273,0.20587422945283257,2.4258342882898747,0.9461525,3.4197967555259426e-19
3.875,2.33474264e-11,0.26486703055710936,0.26479037826159013,2.533638713424675,0.943141,3.5595829881231324e-19
4.125,1.67550496e-11,0.3208814082813748,0.32077808102058775,2.762383032908377,0.9500569999999999,3.398871350302153e-19
4.375,1.082261772e-11,0.37302223213634517,0.3729015727058603,2.882014205263299,0.944229,2.6463749716914916e-19
4.625,6.40527424e-12,0.42097184931250387,0.4208405110527819,2.975119629439902,0.951052,1.8378513184363546e-19
4.875,3.74867224e-12,0.46475244469148036,0.464615156254447,3.080375814324773,0.9437995,1.2200945707088635e-19
5.125,2.37703772e-12,0.5045649729862707,0.50442508429629,3.226049793990531,0.9365505,8.729036952432096e-20
5.375,1.801464732e-12,0.5406955165603945,0.5405553876321746,3.4294742751668172,0.926874,7.458262688803049e-20
5.625,1.526539552e-12,0.5734616301823335,0.5733229083604123,3.628921719608366,0.9309835,7.124311561095805e-20
5.875,1.259908996e-12,0.6031823668084905,0.6030461850727733,3.823778248298523,0.9218695,6.452987927889235e-20
6.125,1.199719516e-12,0.6301622852711241,0.6300294046697862,3.9847592319711613,0.9109324999999999,6.610454301215264e-20
6.375,1.080529236e-12,0.6546836573135293,0.6545545697267741,4.084939441504681,0.9218124999999999,6.416631977462768e-20
6.625,1.029221104e-12,0.6770034195290799,0.6768784221468751,4.185849938728972,0.923359,6.487310432104859e-20
6.875,9.67308304e-13,0.6973528056511574,0.6972320551787511,4.353467178249584,0.9193005000000001,6.503110494722729e-20
7.125,8.98215892e-13,0.7159384282014066,0.7158219804597004,4.521429363114627,0.9116065,6.384846575818415e-20
7.375,8.79241204e-13,0.7329440803806032,0.7328319193272749,4.672044631558939,0.9057805000000001,6.569309409642417e-20
7.625,7.95349696e-13,0.7485328320111725,0.7484248910587711,4.803819735351468,0.9034995,6.224356884581557e-20
7.875,7.80268052e-13,0.7628491762456996,0.762745353943942,4.934736953802088,0.8912450000000001,6.306007957087261e-20
8.125,7.30640588e-13,0.776021093895495,0.7759212654719518,5.144710483808953,0.8925233333333333,6.271461104530666e-20
8.375,7.38519e-13,0.7881619680910091,0.788065993934573,5.392196778900018,0.8988891111111111,6.796102079400097e-20
8.625,7.03471676e-13,0.7993723208337626,0.7992800527150248,5.642305840617106,0.9034561249999999,6.905105302014426e-20
8.875,6.78884752e-13,0.8097413653920803,0.8096526510019202,5.8279335416324765,0.906224375,6.993645325016392e-20
9.125,6.33712664e-13,0.8193483808734414,0.8192630671103871,5.973314052705652,0.908992625,6.791216692587749e-20
9.375,6.45008024e-13,0.8282639216617379,0.8281818569856253,6.118186881397326,0.911760875,7.178743663370511e-20
9.625,6.3599622e-13,0.8365508771669269,0.8364719132570649,6.2543114028990585,0.91207825,7.310875488560071e-20
9.875,6.21484644e-13,0.8442653980175097,0.84418939091047,6.365924559058845,0.90994475,7.321444886075467e-20
10.125,5.76144732e-13,0.8514577043322663,0.8513845151739331,6.476266940449321,0.90781125,6.947457043566664e-20
10.375,5.63899328e-13,0.8581727906237738,0.8581022861329493,6.585369930685039,0.9056777500000001,6.952501418135781e-20
10.625,5.40661856e-13,0.8644510405152469,0.8643830932360195,6.798967226737118,0.90354425,6.91622956822785e-20
10.875,5.17648376e-13,0.8703287630252398,0.870263251422832,7.036743339218727,0.90141075,6.883725278964539e-20
11.125,5.135934e-13,0.8758386607695485,0.8757754692129704,7.276287485357326,0.8981330000000001,7.081168733444118e-20
11.375,4.91554268e-13,0.8810102391298166,0.8809492577931354,7.489591681550596,0.893711,6.982622533906723e-20
11.625,4.82190784e-13,0.8858701642535952,0.8858112889615506,7.647113278006445,0.889289,6.997458286640078e-20
11.875,4.56069796e-13,0.8904425767044869,0.8903857087379319,7.804484145481429,0.884867,6.755699513482043e-20
12.125,4.57070712e-13,0.8947493666462739,0.894694412523259,7.961707457691239,0.880445,6.905643182590651e-20
12.375,4.3633948e-13,0.8988104156445101,0.8987572868875885,8.107482846223832,0.876023,6.709730040977229e-20
12.625,4.18844444e-13,0.902643809470271,0.9025924223652642,8.243432603239217,0.871601,6.543436195805699e-20
12.875,4.09227776e-13,0.9062660256789177,0.9062163010333644,8.378836557553107,0.8671789999999999,6.49118770333076e-20
13.125,4.00796092e-13,0.9096920992262753,0.9096439621296086,8.513705308621686,0.86292925,6.452419551611633e-20
13.375,3.9379322e-13,0.9129357689294649,0.9128891485192497,8.646171342638272,0.8588517499999999,6.430746559655008e-20
13.625,3.75152812e-13,0.9160096072016669,0.9159644364369923,8.775719470261908,0.85477425,6.209452237990354e-20
13.875,3.62264008e-13,0.9189251351571243,0.9188813506007911,8.904684675413826,0.85069675,6.074485939730321e-20
14.125,3.50333352e-13,0.921692924901463,0.9216504665119617,9.033077462348901,0.8466192499999999,5.948432057223059e-20
14.375,3.4481408e-13,0.9243226905800142,0.9242815015134904,9.160907963430658,0.84254175,5.925833567953944e-20
14.625,3.25583354e-13,0.9268233695479537,0.9267833959701952,9.4109849018482,0.83846425,5.735743070331842e-20
14.875,3.16595204e-13,0.9292031948459677,0.92916438575529,9.662799507529074,0.83438675,5.713421793686551e-20
15.125,3.19467972e-13,0.9314697600145024,0.9314320670738754,9.916129759064367,0.8294171874999999,5.895521270842643e-20
15.375,3.136099852e-13,0.9336300771412912,0.9335934545211324,10.170950602155461,0.8235555625,5.907858158169905e-20
15.625,2.938387756e-13,0.9356906289293005,0.9356550331585709,10.398425949530136,0.8176939375,5.631325884008825e-20
15.875,2.8031874e-13,0.9376574154656598,0.9376228052928164,10.494259690020943,0.8118323125,5.3941790601171135e-20
16.125,2.50894732e-13,0.9395359962932707,0.9395023325559907,10.588991272138626,0.8059706875,4.84607016197196e-20
16.375,2.471277068e-13,0.9413315283110959,0.9412987738127274,10.68263778499002,0.8001090625,4.7896373341236696e-20
16.625,2.26093458e-13,0.943048799959026,0.9430169193547014,10.775215795815392,0.7942474375,4.395566507827625e-20
16.875,2.334930288e-13,0.9446922620998173,0.9446612217878507,10.866741373534929,0.7883858125000001,4.5521158047898184e-20
17.125,2.028065488e-13,0.94626605594717,0.94623582396901,11.11365071324543,0.7819333125,4.017284498346196e-20
17.375,2.030194484e-13,0.9477740383612618,0.9477445843065002,11.368875212717423,0.7748899375,4.0832960286875644e-20
17.625,1.872183612e-13,0.9492198047845144,0.9491910997023979,11.625427972072787,0.7678465625,3.821285778659342e-20
17.875,1.562257052e-13,0.950606710065326,0.9505787263821057,11.883290149472982,0.7608031875,3.234247772463433e-20
18.125,1.418871068e-13,0.9519378873877564,0.951910598828705,12.14244343017621,0.7537598125,2.9778410111644034e-20
18.375,1.424285676e-13,0.953216265497991,0.9531896470149707,12.34851134957013,0.7467164374999999,3.015572412648796e-20
18.625,1.327472544e-13,0.9544445844014195,0.9544186121043291,12.425445293482902,0.7396730625,2.805039127153899e-20
18.875,1.229040404e-13,0.9556254096797843,0.9556000607730463,12.501164967262888,0.7326296875,2.5911928836943907e-20
19.125,1.200126044e-13,0.9567611455670704,0.9567363982892837,12.575686454905112,0.7266649583333333,2.5275933434916443e-20
19.375,1.0869078e-13,0.9578540469017219,0.9578298804699248,12.649025419871574,0.7217788749999999,2.2896240061655994e-20
19.625,1.08015184e-13,0.9589062300669466,0.9588826246231184,12.721197121371816,0.7168927916666666,2.2753805407458513e-20
19.875,1.0587099e-13,0.9599196830105536,0.9598966195730361,12.801321686220517,0.7120067083333333,2.2313189892258575e-20
20.125,1.024652768e-13,0.9608962744369699,0.96087373485321,12.927108351671997,0.707120625,2.1679986856588947e-20
20.375,1.155317864e-13,0.9618377622422931,0.9618157291458338,13.052460012963804,0.7022345416666667,2.453515270069819e-20
20.625,9.36955356e-14,0.9627458012675757,0.9627242580364654,13.177382007839828,0.6973484583333334,1.996734888796393e-20
20.875,9.87420216e-14,0.9636219504280273,0.9636008811465036,13.301879544634492,0.692462375,2.1111971173214114e-20
21.125,9.82292576e-14,0.9644676792771482,0.9644470686995229,13.425957706922635,0.6875762916666667,2.1067141000738112e-20
21.375,8.62298768e-14,0.9652843740555875,0.965264207571973,13.549621457949264,0.6826902083333333,1.8547046954632788e-20
21.625,1.08003092e-13,0.9660733432695698,0.9660536068737534,13.772904630992286,0.677804125,2.346318308102576e-20
21.875,1.004165064e-13,0.9668358228406378,0.9668165030997425,14.091474863634055,0.6729180416666667,2.217621162836528e-20
22.125,8.72037796e-14,0.9675729808629552,0.9675540648893727,14.411855805514142,0.6680319583333333,1.9568028954267364e-20
22.375,8.0950148e-14,0.9682859220036858,0.9682673974278146,14.734026995765348,0.663145875,1.8448569311262775e-20
22.625,8.93082452e-14,0.9689756915740562,0.9689575465191264,15.057968430775436,0.6582597916666666,2.0662318050111948e-20
22.875,9.66809788e-14,0.969643279300662,0.9696255023588926,15.383660549028216,0.6533737083333333,2.2697878493504485e-20
23.125,8.70451692e-14,0.9702896228214118,0.9702722030313239,15.711084216607462,0.648487625,2.072835336714966e-20
23.375,7.35532348e-14,0.9709156109279802,0.9708985377534594,15.964697018696155,0.6436015416666667,1.7675508291212348e-20
23.625,6.86101728e-14,0.9715220865773057,0.9715053498870942,16.05008825585202,0.6387154583333333,1.6460269334029298e-20
23.875,7.38919876e-14,0.97210984968805,0.9720934397371512,16.13458104475465,0.633829375,1.7695125274985656e-20
24.125,6.6404648e-14,0.9726796597421669,0.9726635671535693,16.21818479358484,0.6289432916666666,1.587058519141033e-20
24.375,6.3229222e-14,0.973232238204268,0.9732164539522473,16.300908715524603,0.6240572083333333,1.507930889325926e-20
24.625,7.71355628e-14,0.9737682707753424,0.9737527861692439,16.38276183475757,0.619171125,1.8353503471239337e-20
24.875,6.61440572e-14,0.9742884094920862,0.9742732161611669,16.46375299222566,0.6142850416666666,1.569958028243556e-20
25.125,5.60838672e-14,0.9747932746845939,0.974778364563596,16.543890851154362,0.60957705,1.3280903901819528e-20
25.375,5.47424688e-14,0.9752834568028604,0.9752688221183609,16.679473843243006,0.60504715,1.2978894343997792e-20
25.625,7.10373188e-14,0.9757595181219703,0.9757451513795778,16.871266061082135,0.60051725,1.6916612948386894e-20
25.875,6.26983144e-14,0.9762219943354715,0.9762078883075295,17.063324900168777,0.59598735,1.4993949683551417e-20
26.125,5.91762404e-14,0.9766713960448088,0.9766575437587014,17.255647784371675,0.5914574499999999,1.4208934308909735e-20
26.375,5.84824592e-14,0.9771082101525487,0.9770946048796111,17.4482321868658,0.58692755,1.4096623808053423e-20
26.625,6.35567932e-14,0.9775329011660826,0.9775195364114493,17.64107562873019,0.58239765,1.5376196819189342e-20
26.875,4.8359228e-14,0.9779459124197066,0.9779327819119701,17.83417567759847,0.57786775,1.1740499838067334e-20
27.125,4.37279128e-14,0.978347667218544,0.9783347649005565,18.027529946359557,0.57333785,1.0651473592546902e-20
27.375,4.70061428e-14,0.9787385699119103,0.9787258899319201,18.218478100666776,0.56880795,1.148444375606066e-20
27.625,4.53983908e-14,0.9791190069008607,0.979106543603461,18.338833055946594,0.56427805,1.1080304306775962e-20
27.875,3.98300092e-14,0.9794893475821999,0.9794770955009066,18.458773387721063,0.55974815,9.709939471414177e-21
28.125,4.20669632e-14,0.9798499452375298,0.9798378990865192,18.578302814686808,0.55521825,1.0241920448171953e-20
28.375,5.02047788e-14,0.9802011378667399,0.9801892925337966,18.697424989427656,0.5506883499999999,1.2205591829321384e-20
28.625,3.93758076e-14,0.980543248972944,0.9805315995123203,18.816143500162195,0.54615845,9.557766047563137e-21
28.875,3.7747468e-14,0.9808765883002981,0.9808651299261152,18.934461872430298,0.54162855,9.146766731631334e-21
29.125,3.90531768e-14,0.9812014525287183,0.9811901806086214,19.05238357072121,0.53709865,9.44558413569005e-21
29.375,3.82957292e-14,0.9815181259283027,0.9815070359771819,19.169912000045777,0.53256875,9.243902583280862e-21
29.625,3.30150172e-14,0.981826880975049,0.981815968649692,19.287050507455078,0.52803885,7.952231861022637e-21
29.875,3.6845566e-14,0.9821279789325272,0.9821172400258965,19.51834213027167,0.52350895,8.906995781242377e-21
30.125,4.44277032e-14,0.9824216703998901,0.9824111008356232,19.768456874566507,0.51897905,1.0786617671918925e-20
30.375,3.9849736e-14,0.9827081958281707,0.9826977916560766,20.01928881172997,0.51444915,9.715206127075658e-21
30.625,3.3937984e-14,0.982987786009239,0.9829775434001757,20.270832038806244,0.5099192499999999,8.306499407151131e-21
30.875,3.38251748e-14,0.9832606625365387,0.9832505777777566,20.52308074921755,0.50538935,8.309755539686783e-21
31.125,3.42447868e-14,0.9835270382401893,0.9835171077313593,20.77602923042286,0.50085945,8.442480846383413e-21
31.375,2.70844948e-14,0.9837871175997542,0.983777337848175,21.029671861651863,0.49632955,6.699392041548074e-21
31.625,3.05849368e-14,0.9840410971322421,0.9840314647496297,21.28400311171113,0.49179965,7.588802436273791e-21
31.875,3.00080792e-14,0.9842891657620015,0.9842796774599835,21.539017536859703,0.48726974999999995,7.467360818322581e-21
32.125,3.64713072e-14,0.9845315051684659,0.9845221577552218,21.794709778751276,0.48273984999999997,9.100307823450655e-21
32.375,2.46088284e-14,0.9847682901165172,0.9847590804934263,21.917328560362325,0.47820995,6.1184598374597555e-21
32.625,2.65758692e-14,0.9849996887697527,0.984990613927752,22.028538963228065,0.47368004999999996,6.579687268674545e-21
32.875,2.43146512e-14,0.9852258629864815,0.9852169200030299,22.13930635229704,0.46915014999999993,5.993639403736812e-21
33.125,2.54623304e-14,0.9854469686008861,0.9854381546369805,22.24963409656066,0.46462024999999996,6.248320646801606e-21
33.375,2.09579248e-14,0.9856631556898807,0.9856544679869303,22.35952551415616,0.46009035,5.119097506854793e-21
33.625,2.00575212e-14,0.985874568825861,0.9858660047028908,22.46898387350946,0.45556045,4.875725681570991e-21
33.875,2.18699988e-14,0.9860813473165627,0.9860729041677716,22.578012394443988,0.45103055,5.290102209711673e-21
34.125,1.9548914e-14,0.9862836254338814,0.9862753007254896,22.68661424925682,0.44650064999999994,4.704647994628519e-21
34.375,2.15733724e-14,0.9864815326291757,0.9864733238976452,22.794792563763206,0.44197074999999997,5.164723384475384e-21
34.625,2.1112288e-14,0.9866751937401882,0.9866670985894302,22.9025504183108,0.43744085,5.027170207520874e-21
34.875,1.52692144e-14,0.9868647291862639,0.9868567452853658,23.026861380691606,0.43291094999999996,3.618416306331776e-21
35.125,1.93961348e-14,0.9870502551544321,0.9870423802354392,23.24812723552542,0.42959565,4.605886179773709e-21
35.375,1.79259776e-14,0.9872318837760766,0.987224115632174,23.469791659664075,0.42749495,4.2771367830352486e-21
35.625,1.94109436e-14,0.9874097232958937,0.9874020597791423,23.691851836316307,0.42539425,4.653134051571137e-21
35.875,1.52855924e-14,0.9875838782319414,0.9875763172513702,23.914304988225748,0.42329354999999996,3.681006417827447e-21
36.125,1.74647616e-14,0.987754449528483,0.9877469890480967,24.13714837684437,0.42119284999999995,4.224637993833336e-21
36.375,1.60214824e-14,0.9879215347010666,0.9879141727382876,24.36037930152885,0.41909215,3.8925089100510225e-21
36.625,1.6000152e-14,0.9880852279755384,0.9880779625992971,24.583995098758997,0.41699145,3.9039929045293836e-21
36.875,1.40934804e-14,0.9882456204196663,0.9882384497490455,24.8079931413775,0.41489075,3.45318172141285e-21
37.125,1.89874592e-14,0.988402800069901,0.9883957222720537,25.032370837850365,0.41279004999999996,4.67135549492291e-21
37.375,1.63894164e-14,0.9885568520507719,0.9885498653396569,25.257125631547204,0.41068934999999995,4.0483066239487665e-21
37.625,1.46178056e-14,0.9887078586895786,0.9887009613247054,25.482255000040816,0.40858865,3.624809752007902e-21
37.875,1.52525936e-14,0.9888558996265526,0.9888490899110416,25.653295899774278,0.40648795,3.7885973210716946e-21
38.125,1.24848372e-14,0.9890010519183141,0.9889943281980135,25.763010097363104,0.40438725,3.0987360792094594e-21
38.375,1.34690772e-14,0.9891433901384704,0.9891367508002898,25.872334660575557,0.40228654999999996,3.340251148252347e-21
38.625,2.6960722e-14,0.9892829864721334,0.9892764299432104,25.981272127782375,0.40018584999999995,6.680132741941115e-21
38.875,1.44347616e-14,0.9894199108080589,0.9894134355539027,26.08982500449442,0.39808515,3.573125730240549e-21
39.125,1.27448696e-14,0.9895542308246612,0.9895478353483723,26.197995763996666,0.39598445,3.1516072395453655e-21
39.375,1.22689156e-14,0.9896860120735048,0.9896796949147714,26.305786847965962,0.39388375,3.030636612042735e-21
39.625,1.26371216e-14,0.9898153180595287,0.989809077793042,26.413200667073113,0.39178304999999997,3.1180272213600297e-21
39.875,1.14467592e-14,0.9899422103160094,0.9899360455510989,26.520239601569756,0.38968234999999996,2.820924496868726e-21
40.125,1.14017716e-14,0.9900667484787242,0.9900606578577384,26.62690600186051,0.38758165,2.806283986163532e-21
40.375,1.37875336e-14,0.9901889903548439,0.9901829725524197,26.733202189060915,0.38548095,3.388983656383692e-21
40.625,9.2333856e-15,0.9903089919901974,0.9903030457120818,26.839130455541454,0.38338025,2.26642194379961e-21
40.875,1.0032258e-14,0.9904268077326221,0.9904209317151264,26.944693065458324,0.38127954999999997,2.458944497833652e-21
41.125,9.6927272e-15,0.9905424902937288,0.9905366833027186,27.112668388227732,0.37917884999999996,2.3776414353025818e-21
41.375,1.019365e-14,0.9906560908076232,0.9906503516375199,27.294995646455895,0.37707815,2.5036748270549947e-21
41.625,1.0412064e-14,0.9907676588870485,0.99076198635998,27.4774283775669,0.37497745,2.5603585057405908e-21
41.875,1.0229546e-14,0.9908772426769574,0.9908716356423061,27.659965948082334,0.37287675,2.518280213723887e-21
42.125,9.4037232e-15,0.9909848889069006,0.9909793462402123,27.842607732087853,0.37077604999999997,2.317391156048382e-21
42.375,8.8275148e-15,0.9910906429401526,0.9910851635425588,28.025353111098486,0.36867534999999996,2.1774987706096576e-21
42.625,8.05021e-15,0.9911945488218671,0.991189131618973,28.208201473927147,0.36657465,1.987535222047209e-21
42.875,9.781814e-15,0.9912966493235926,0.9912912932655477,28.391152216556225,0.36447395,2.417037809404537e-21
43.125,6.097216e-15,0.9913969859885085,0.991391690048708,28.57420474201217,0.36237325,1.5077188058936333e-21
43.375,9.767108e-15,0.9914955991726919,0.9914903623473258,28.757358460242987,0.36027254999999997,2.416839659734016e-21
43.625,1.03795308e-14,0.9915925280858849,0.9915873493931615,28.940612787998532,0.35817184999999996,2.569928460521917e-21
43.875,8.4063468e-15,0.9916878108297283,0.9916826893097089,29.123967148713596,0.35607115,2.0824783318821856e-21
44.125,1.14160184e-14,0.9917814844360344,0.9917764191495217,29.307420972393615,0.35397045,2.8293466519602718e-21
44.375,8.33332e-15,0.9918735849018318,0.9918685749300754,29.490422878931465,0.35186975,2.0660851199638896e-21
44.625,7.3330696e-15,0.9919641472240803,0.9919591916682382,29.66840103915141,0.34976904999999997,1.8183111200779884e-21
44.875,7.9646596e-15,0.9920532054329181,0.9920483034134183,29.84644531596718,0.34766834999999996,1.975017047700339e-21
45.125,6.9498324e-15,0.9921407926232694,0.9921359432794304,30.02455534103737,0.34656777499999997,1.7283165707612992e-21
45.375,7.587812e-15,0.9922269409859471,0.9922221434751505,30.202730750101992,0.346467325,1.897784803042503e-21
45.625,8.2326532e-15,0.9923116818362658,0.9923069353339999,30.380971182914983,0.34636687499999996,2.070793642605935e-21
45.875,6.6116572e-15,0.9923950456433609,0.9923903493423252,30.55927628317827,0.346266425,1.672473547296805e-21
46.125,7.2504616e-15,0.9924770620568741,0.9924724151667034,30.737645698477174,0.34616597499999996,1.8443868087458224e-21
46.375,9.0980532e-15,0.9925577599334009,0.9925531616802293,30.916079080217294,0.346065525,2.3273296444461516e-21
46.625,5.9346584e-15,0.9926371673618017,0.9926326169878286,31.094576083562718,0.345965075,1.526560608867126e-21
46.875,7.78908e-15,0.9927153116877916,0.9927108084506299,31.27313636737555,0.345864625,2.0146488577549212e-21
47.125,6.0656308e-15,0.9927922195368618,0.9927877627094392,31.451759594156755,0.345764175,1.57750292063541e-21
47.375,5.20929e-15,0.9928679168369696,0.9928635057073634,31.630445429988246,0.345663725,1.3621973145423077e-21
47.625,5.5785636e-15,0.992942428841364,0.9929380627116018,31.80919354447617,0.345563275,1.4666875011908154e-21
47.875,5.9440728e-15,0.9930157801477494,0.9930114583344505,31.988003610695444,0.345462825,1.5712294838570536e-21
48.125,3.7955864e-15,0.9930879947205364,0.9930837165535531,32.17259360734868,0.345362375,1.0088778861774257e-21
48.375,6.071348e-15,0.993159095908365,0.9931548607314182,32.37639463864863,0.34526192499999997,1.6236485069550856e-21
48.625,5.1597468e-15,0.9932291064645771,0.9932249136342494,32.580384693202404,0.345161475,1.3882486066827481e-21
48.875,5.2238736e-15,0.99329804856445,0.9932938974500993,32.7845627991595,0.345061025,1.4139968450092363e-21
49.125,5.2690332e-15,0.9933659438228707,0.9933618338063882,32.98892799461176,0.344960575,1.4347913889711768e-21
49.375,4.661368e-15,0.9934328133116397,0.9934287437868032,33.19347932744152,0.344860125,1.2769048706296952e-21
49.625,3.3638324e-15,0.9934986775749768,0.9934946479476056,33.398215855173014,0.344759675,9.269413718415634e-22
49.875,4.3207644e-15,0.9935635566460936,0.9935595663333765,33.6031366448265,0.344659225,1.1976691370316807e-21
50.125,6.85691e-15,0.9936274700617438,0.9936235184922115,33.80824077277558,0.344558775,1.911828008929927e-21
50.375,3.1235836e-15,0.9936904368769455,0.9936865234903961,34.013527324607175,0.344458325,8.759987682301742e-22
50.625,5.2431204e-15,0.9937524756799709,0.9937485999265732,34.21899539498441,0.344357875,1.4789592995275717e-21
50.875,6.3552872e-15,0.9938136046049595,0.9938097659454329,34.42464408751209,0.344257425,1.803033465350607e-21
51.125,3.920822e-15,0.9938738413453968,0.9938700392509315,34.630472514604925,0.344156975,1.118753155681202e-21
51.375,3.5970736e-15,0.9939332031676608,0.9939294371190699,34.83647979735825,0.344056525,1.0322418879293849e-21
51.625,3.6387164e-15,0.9939917069221204,0.9939879764102373,35.04266506542135,0.34395607500000003,1.0501273631799935e-21
51.875,2.9354016e-15,0.9940493690560704,0.9940456735811437,35.24902745687313,0.343855625,8.5194124952433e-22
52.125,3.3404176e-15,0.9941062056247637,0.9941025446963542,35.455566118100265,0.343755175,9.749404978345118e-22
52.375,4.1209392e-15,0.9941622323025265,0.9941586054394436,35.662280203677675,0.343654725,1.2094719167747588e-21
52.625,3.773886e-15,0.9942174643939982,0.9942138711237798,35.86916887625126,0.343554275,1.113775676561404e-21
52.875,4.959152e-15,0.9942719168440768,0.9942683567029525,36.07623130642285,0.343453825,1.4716787081868066e-21
53.125,2.3140384e-15,0.9943256042482145,0.9943220767808646,36.28346667263738,0.343353375,6.904944200477953e-22
53.375,2.331104e-15,0.9943785408619135,0.9943750456214908,36.49087416107216,0.343252925,6.993954470105593e-22
53.625,3.5307376e-15,0.99443074061075,0.9944272771583238,36.69845296552822,0.343152475,1.0650886820462356e-21
53.875,1.589996e-15,0.9944822170989589,0.9944787850035154,36.87184717307719,0.34305202500000004,4.817911624766479e-22
54.125,2.3963556e-15,0.9945329836184956,0.9945295824567207,37.02484727294021,0.342951575,7.289662582013869e-22
54.375,3.628864e-15,0.9945830531572107,0.9945796825136617,37.17776396775971,0.34285112500000003,1.1081830053588366e-21
54.625,2.0347e-15,0.9946324384081298,0.9946290978744243,37.33059764100989,0.342750675,6.237594801991801e-22
54.875,1.642792e-15,0.9946811517762183,0.9946778409514803,37.48334867265481,0.34265022500000003,5.055530858996465e-22
55.125,4.97478e-15,0.9947292053873401,0.994725923877468,37.63601743919643,0.3418403125,1.5336158218876639e-21
55.375,2.095644e-15,0.9947766110946004,0.9947733585127243,37.78860431372168,0.34032093750000003,6.458081011636857e-22
55.625,2.534308e-15,0.9948233804868242,0.9948201564525786,37.941109665948716,0.33880156250000004,7.806775759372886e-22
55.875,1.27572e-15,0.9948695248944981,0.9948663290344227,38.09353386227238,0.3372821875,3.92805042835217e-22
56.125,2.148028e-15,0.9949150553977848,0.9949118873445661,38.245877265808744,0.3357628125,6.610800568753353e-22
56.375,3.02764e-15,0.994959982831903,0.9949568422248691,38.398140236439,0.3342434375,9.313090460487288e-22
56.625,3.935524e-15,0.9950043177946523,0.9950012042791838,38.55032313085241,0.33272406250000003,1.2099032881151833e-21
56.875,3.096052e-15,0.9950480706519488,0.9950449838795896,38.702426302588684,0.3312046875,9.512570073475646e-22
57.125,4.44484e-16,0.9950912515444277,0.9950881911724454,38.85445010207941,0.3296853125,1.3648040444159677e-22
57.375,3.142844e-15,0.9951338703925074,0.9951308360842521,39.00639487668896,0.3281659375,9.64371884268473e-22
57.625,3.170076e-15,0.9951759369029124,0.995172928327345,39.1582609707545,0.3266465625,9.720350449083624e-22
57.875,3.654692e-15,0.995217460573837,0.9952144774054084,39.31004872562542,0.3251271875,1.1197898651273807e-21
58.125,2.767504e-15,0.9952584507001475,0.9952554926188313,39.46175847970212,0.32360781250000004,8.472868317144741e-22
58.375,3.249316e-15,0.9952989163787145,0.9952959830698989,39.613390568473925,0.3220884375,9.939705670742744e-22
58.625,1.872424e-15,0.9953388665135903,0.9953359576678342,39.76494532455661,0.3205690625,5.722793201449748e-22
58.875,1.892188e-15,0.9953783098208929,0.9953754251336868,39.91642307772911,0.3190496875,5.777943505482001e-22
59.125,4.769e-16,0.9954172548329037,0.9954143940050784,40.06782415496964,0.3175303125,1.4548704759680033e-22
59.375,9.63236e-16,0.9954557099036557,0.9954528726408145,40.219148880491296,0.3160109375,2.9356246882409517e-22
59.625,1.455416e-15,0.9954936832126959,0.9954908692253555,40.37039757577688,0.3144915625,4.431069603496839e-22
59.875,9.77484e-16,0.9955311827699221,0.9955283917731579,40.521570559613316,0.3129721875,2.9728119218762666e-22
60.125,1.97482e-15,0.9955682164193909,0.9955654481328955,40.672668148125425,0.3114528125,5.999352140025e-22
60.375,2.986168e-15,0.9956047918434924,0.9956020459915549,40.82369065480908,0.3099334375,9.061347935363962e-22
60.625,2.505656e-15,0.9956409165670442,0.9956381928784105,40.974638390563904,0.30841406250000003,7.594241047636599e-22
60.875,2.022688e-15,0.9956765979610198,0.9956738961688958,41.12551166372536,0.3068946875,6.12292269528184e-22
61.125,1.01934e-15,0.9957118432467874,0.9957091630883533,41.27631078009641,0.3053753125,3.081757285284217e-22
61.375,1.545968e-15,0.9957466594987135,0.9957440007156836,41.42703604297847,0.3038559375,4.667795718712245e-22
61.625,1.555832e-15,0.99578105364905,0.9957784159868948,41.577687753202106,0.3023365625,4.691248694991487e-22
61.875,1.5689e-15,0.9958150324900615,0.9958124156985423,41.73887062151776,0.30081718749999997,4.725286819537202e-22
62.125,5.2816e-16,0.995848602678555,0.9958460065110838,41.905019018957915,0.2992978125,1.589056370815222e-22
62.375,1.063224e-15,0.9958817707379258,0.9958791949521303,42.071157402352625,0.2977784375,3.1953700076198625e-22
62.625,2.144188e-15,0.9959145430626586,0.9959119874196166,42.23728581183855,0.2962590625,6.4367030780705285e-22
62.875,5.37556e-16,0.9959469259200443,0.9959443901848737,42.40340428723191,0.2947396875,1.6117962690920585e-22
63.125,1.08702e-15,0.9959789254545964,0.9959764093956271,42.569512868032284,0.2932203125,3.2553021885521075e-22
63.375,1.095276e-15,0.9960105476894987,0.9960080510789024,42.735611593426384,0.2917009375,3.2758661707332863e-22
63.625,2.75608e-15,0.9960417985302896,0.9960393211438593,42.90170050229176,0.2901815625,8.232364641889596e-22
63.875,1.113212e-15,0.9960726837678112,0.9960702253845474,43.06777963320042,0.2886621875,3.3206429719887296e-22
64.125,5.6284e-16,0.9961032090802633,0.9961007694825805,43.23384902442247,0.2871428125,1.676571343719432e-22
64.375,0.0,0.996133380036135,0.9961309590097491,43.39990871392958,0.28562343749999997,0.0
64.625,5.6828e-16,0.9961632020965863,0.9961607994305508,43.565958739398496,0.2841040625,1.6878291385314589e-22
64.875,5.76064e-16,0.9961926806182724,0.9961902961046654,43.731999138214476,0.2825846875,1.7083345789548634e-22
65.125,1.737576e-15,0.996221820855213,0.9962194542893521,43.89802994747462,0.28039546249999997,5.132474082413029e-22
65.375,1.167116e-15,0.9962506279615817,0.9962482791417914,44.064051203991234,0.2775363875,3.4252941988934423e-22
65.625,1.76226e-15,0.9962791069935809,0.9962767757213596,44.230062944295064,0.2746773125,5.13809638771778e-22
65.875,1.182884e-15,0.996307262912255,0.9963049489918466,44.396065204638525,0.2718182375,3.425858492277338e-22
66.125,1.19452e-15,0.9963351005850947,0.9963328038236141,44.56205802099886,0.2689591625,3.4360647049535425e-22
66.375,1.20086e-15,0.9963626247880415,0.9963603449956947,44.728041429081294,0.26610008749999997,3.430406602783115e-22
66.625,1.813852e-15,0.9963898402084068,0.9963875771978419,44.89401546432205,0.2632410125,5.144984098809631e-22
66.875,6.11444e-16,0.9964167514457308,0.9964145050325207,45.05998016189146,0.2603819375,1.7219100150334117e-22
67.125,1.8474e-15,0.9964433630142042,0.9964411330168492,45.22593555669685,0.2575228625,5.164494300662478e-22
67.375,1.242356e-15,0.9964696793453421,0.9964674655844924,45.391881683385535,0.2546637875,3.4471995490584505e-22
67.625,1.87422e-15,0.996495704788191,0.9964935070875022,45.55781857634775,0.25180471249999997,5.16099771975428e-22
67.875,6.30484e-16,0.996521443612635,0.9965192617981142,45.723746269719385,0.24894563749999998,1.7227328622919835e-22
68.125,6.32712e-16,0.9965469000102087,0.9965447339104948,45.88966479738494,0.2460865625,1.715210761163175e-22
68.375,6.3966e-16,0.9965720780964977,0.9965699275424524,46.05557419298017,0.2432274875,1.720139454310567e-22
68.625,6.42584e-16,0.9965969819120375,0.9965948467370913,46.22147448989486,0.2403684125,1.7138845341126579e-22
68.875,1.292112e-15,0.9966216154243803,0.9966194954644346,46.387365721275565,0.2375093375,3.41760411735571e-22
69.125,0.0,0.9966459825300471,0.9966438776230067,46.553247920028156,0.23465026249999998,0.0
69.375,1.31424e-15,0.9966700870549483,0.9966679970413648,46.719121118820524,0.2317911875,3.4168710059309247e-22
69.625,0.0,0.9966939327571482,0.9966918574796071,46.88498535008509,0.2289321125,0.0
69.875,1.33296e-15,0.9967175233274995,0.9967154626308313,47.050840646021385,0.2260730375,3.4042093583520463e-22
70.125,0.0,0.9967408623912912,0.9967388161225633,47.21668703859851,0.2232139625,0.0
70.375,6.75512e-16,0.9967639535098273,0.9967619215181507,47.38252455955762,0.22035488749999999,1.6934686844755007e-22
70.625,6.80696e-16,0.9967868001815705,0.9967847823181143,47.54835324041439,0.2174958125,1.690257029520708e-22
70.875,1.37054e-15,0.9968094058433211,0.9968074019614798,47.714173112461324,0.2146367375,3.370281655497985e-22
71.125,0.0,0.9968317738719101,0.9968297838270623,47.86496398878992,0.2117776625,0.0
71.375,6.9732e-16,0.9968539075854931,0.9968519312347311,48.015321726264624,0.20891858749999997,1.6796989661497251e-22
71.625,1.398704e-15,0.9968758102436984,0.9968738474466368,48.16561693006774,0.20605951249999999,3.333554529945397e-22
71.875,0.0,0.996897485050812,0.996895535668412,48.31584981846781,0.2032004375,0.0
72.125,1.421332e-15,0.9969189351550322,0.9969169990503414,48.4660206082149,0.2003413625,3.3141660048180977e-22
72.375,0.0,0.9969401636504553,0.9969382406885019,48.616129514556505,0.1974822875,0.0
72.625,0.0,0.996961173578324,0.9969592636258835,48.766176751253106,0.19462321249999998,0.0
72.875,7.25792e-16,0.9969819679281425,0.9969800708534708,48.91616253059345,0.1917641375,1.6350466375584952e-22
73.125,7.28076e-16,0.9970025496377203,0.99700066531131,49.0660870634098,0.1889050625,1.6207233904961506e-22
73.375,7.34484e-16,0.9970229215955094,0.9970210498895432,49.21595055909279,0.1860459875,1.615193512488845e-22
73.625,7.41832e-16,0.9970430866415588,0.9970412274294271,49.365753225606205,0.1831869125,1.61120423367275e-22
73.875,0.0,0.9970630475667815,0.9970612007243093,49.515495269501486,0.18032783749999998,0.0
74.125,0.0,0.9970828071164717,0.9970809725206095,49.66517689593211,0.1774687625,0.0
74.375,0.0,0.997102367989415,0.9971005455187509,49.81479830866771,0.1746096875,0.0
74.625,0.0,0.9971217328392432,0.9971199223740836,49.96435971010802,0.1717506125,0.0
74.875,7.65056e-16,0.9971409042755061,0.9971391056977874,50.113861301296666,0.1688915375,1.5553438175352282e-22
75.125,0.0,0.9971598848646938,0.9971580980577474,50.26330328193471,0.165368725,0.0
75.375,7.7498e-16,0.9971786771306369,0.9971769019794134,50.412685850394126,0.161182175,1.5126248112243706e-22
75.625,0.0,0.9971972835556896,0.997195519946637,50.56200920373094,0.156995625,0.0
75.875,7.85352e-16,0.9972157065815739,0.997213954402493,50.71127353769834,0.152809075,1.4619011984886396e-22
76.125,0.0,0.9972339486098182,0.9972322077500784,50.860479046759544,0.148622525,0.0
76.375,0.0,0.9972520120029364,0.9972502823532932,51.00962592410047,0.144435975,0.0
76.625,8.03628e-16,0.997269899084969,0.9972681805376089,51.15871436164235,0.140249425,1.385158195315282e-22
76.875,8.0844e-16,0.9972876121423356,0.9972859045908121,51.30774455005404,0.136062875,1.3558188846561108e-22
77.125,0.0,0.997305153424543,0.9973034567637368,51.45671667876427,0.13187632500000002,0.0
77.375,0.0,0.997322525144947,0.9973208392709755,51.605630935973714,0.127689775,0.0
77.625,0.0,0.9973397294811409,0.9973380542915794,51.75448750866686,0.123503225,0.0
77.875,0.0,0.9973567685759743,0.9973551039697396,51.90328658262381,0.11931667500000001,0.0
78.125,0.0,0.9973736445383912,0.9973719904154548,52.052028342431804,0.115130125,0.0
78.375,0.0,0.9973903594433471,0.9973887157051806,52.20071297149677,0.110943575,0.0
78.625,0.0,0.9974069153333176,0.9974052818824719,52.349340652054536,0.106757025,0.0
78.875,0.0,0.9974233142184594,0.9974216909586019,52.497911565182065,0.10257047500000001,0.0
79.125,8.545e-16,0.997439558076809,0.9974379449131724,52.6464258908084,0.098383925,1.0634145209403168e-22
79.375,0.0,0.9974556488562435,0.9974540456947149,52.79488380772565,0.094197375,0.0
79.625,0.0,0.9974715884731946,0.9974699952212668,52.94328549359958,0.090010825,0.0
79.875,0.0,0.99748737881472,0.997485795380947,53.09163112498039,0.085824275,0.0
80.125,0.0,0.9975030217387272,0.9975014480325127,53.23992087731306,0.08163772500000001,0.0
80.375,0.0,0.9975185190737206,0.997516955005906,53.388154924947784,0.077451175,0.0
80.625,0.0,0.9975338726203884,0.9975323181027868,53.53633344115009,0.073264625,0.0
80.875,0.0,0.9975490841516119,0.9975475390970556,53.68445659811104,0.069078075,0.0
81.125,0.0,0.9975641554130806,0.9975626197353673,53.832524566957126,0.064891525,0.0
81.375,0.0,0.9975790881234793,0.9975775617376295,53.9805375177601,0.06070497500000001,0.0
81.625,0.0,0.9975938839754096,0.997592366797492,54.16431682091935,0.05651842500000001,0.0
81.875,0.0,0.9976085446359177,0.9976070365828286,54.35598232272993,0.052331875,0.0
82.125,0.0,0.9976230717464045,0.9976215727362046,54.547726396762734,0.048145325,0.0
82.375,0.0,0.9976374669238167,0.9976359768753358,54.73954880383221,0.043958775000000005,0.0
82.625,0.0,0.9976517317603837,0.9976502505935403,54.93144930620458,0.039772224999999994,0.0
82.875,0.0,0.9976658678243187,0.997664395460175,55.12342766758469,0.03558567500000001,0.0
83.125,0.0,0.9976798766609032,0.9976784130210701,55.31548365310305,0.031399125,0.0
83.375,0.0,0.9976937597916016,0.9976923047989493,55.50761702930289,0.027212575000000017,0.0
83.625,0.0,0.9977075187156267,0.997706072293843,55.699827564127496,0.023026025000000006,0.0
83.875,9.60224e-16,0.997721154910035,0.9977197169834944,55.89211502690766,0.018839474999999994,2.4300318808685804e-23
84.125,0.0,0.9977346698296297,0.9977332403237517,56.08447918834922,0.014652925000000011,0.0
84.375,0.0,0.9977480649076786,0.9977466437489596,56.27691982052087,0.010466375,0.0
84.625,0.0,0.9977613415568812,0.9977599286723396,56.46943669684201,0.006279825000000017,0.0
84.875,0.0,0.9977745011686531,0.9977730964863594,56.662029592070766,0.0020932750000000055,0.0
85.125,0.0,0.9977875451143552,0.997786148563099,56.85469828229218,0.0,0.0
85.375,0.0,0.9978004747452469,0.9977990862546088,57.04744254490653,0.0,0.0
85.625,0.0,0.9978132913926394,0.9978119108932547,57.240262158617725,0.0,0.0
85.875,0.0,0.9978259963690629,0.9978246237920697,57.433156903421946,0.0,0.0
86.125,0.0,0.9978385909677755,0.9978372262450799,57.62612656059632,0.0,0.0
86.375,0.0,0.9978510764629563,0.9978497195276388,57.81917091268778,0.0,0.0
86.625,0.0,0.997863454111354,0.9978621048967508,58.012289743502045,0.0,0.0
86.875,0.0,0.9978757251508379,0.9978743835913807,58.20548283809271,0.0,0.0
87.125,0.0,0.9978878908019071,0.9978865568327725,58.398749982750466,0.0,0.0
87.375,0.0,0.9978999522679357,0.9978986258247453,58.592090964992465,0.0,0.0
87.625,0.0,0.9979119107346527,0.9979105917539921,58.785505573551816,0.0,0.0
87.875,0.0,0.9979237673712352,0.9979224557903745,58.97899359836712,0.0,0.0
88.125,0.0,0.9979355233302292,0.9979342190872047,59.17255483057221,0.0,0.0
88.375,0.0,0.9979471797483178,0.997945882781528,59.36618906248599,0.0,0.0
88.625,0.0,0.9979587377454016,0.9979574479943949,59.55989608760238,0.0,0.0
88.875,0.0,0.9979701984264625,0.9979689158311329,59.753675700580345,0.0,0.0
89.125,0.0,0.9979815628807371,0.9979802873816099,59.94752769723407,0.0,0.0
89.375,0.0,0.9979928321818787,0.9979915637204887,60.14145187452326,0.0,0.0
89.625,0.0,0.9980040073893649,0.9980027459074885,60.33544803054353,0.0,0.0
89.875,0.0,0.9980150895473887,0.9980138349876261,60.529515964516854,0.0,0.0
90.125,0.0,0.9980260796858349,0.998024831991464,60.7236554767822,0.0,0.0
90.375,0.0,0.9980369788203773,0.9980357379353484,60.91786636878624,0.0,0.0
90.625,0.0,0.9980477879530961,0.9980465538216451,61.112148443074155,0.0,0.0
90.875,0.0,0.9980585080718389,0.9980572806389677,61.30650150328051,0.0,0.0
91.125,0.0,0.9980691401509036,0.9980679193624026,61.50092535412032,0.0,0.0
91.375,0.0,0.9980796851516482,0.9980784709537353,61.6954198013801,0.0,0.0
91.625,0.0,0.9980901440223351,0.9980889363616628,61.88998465190912,0.0,0.0
91.875,0.0,0.998100517697879,0.9980993165220059,62.084619713610635,0.0,0.0
92.125,0.0,0.9981108071011163,0.9981096123579243,62.27932479543342,0.0,0.0
92.375,0.0,0.9981210131421856,0.9981198247801146,62.47409970736306,0.0,0.0
92.625,0.0,0.9981311367189326,0.9981299546870183,62.66894426041372,0.0,0.0
92.875,0.0,0.9981411787170578,0.9981400029650113,62.863858266619665,0.0,0.0
93.125,0.0,0.9981511400107793,0.9981499704886051,63.058841539027185,0.0,0.0
93.375,0.0,0.9981610214623863,0.9981598581206347,63.25389389168626,0.0,0.0
93.625,0.0,0.9981708239224114,0.9981696667124397,63.43898925,0.0,0.0
93.875,0.0,0.9981805482306879,0.9981793971040571,63.608385750000004,0.0,0.0
94.125,0.0,0.9981901952154517,0.9981890501243939,63.77778225,0.0,0.0
94.375,0.0,0.9981997656942473,0.9981986265914048,63.94717875,0.0,0.0
94.625,0.0,0.9982092604736373,0.9982081273122672,64.11657525,0.0,0.0
94.875,0.0,0.9982186803499218,0.9982175530835506,64.28597175,0.0,0.0
95.125,0.0,0.9982280261085481,0.9982269046913809,64.45536825,0.0,0.0
95.375,0.0,0.9982372985249062,0.9982361829116074,64.62476475,0.0,0.0
95.625,0.0,0.9982464983643764,0.9982453885099618,64.79416125,0.0,0.0
95.875,0.0,0.9982556263822205,0.9982545222422186,64.96355775,0.0,0.0
96.125,0.0,0.9982646833239182,0.9982635848543455,65.13295425,0.0,0.0
96.375,0.0,0.9982736699253022,0.9982725770826577,65.30235075,0.0,0.0
96.625,0.0,0.9982825869128361,0.9982814996539731,65.47174725,0.0,0.0
96.875,0.0,0.9982914350035065,0.9982903532857472,65.64114375,0.0,0.0
97.125,0.0,0.9983002149049678,0.9982991386862273,65.81054025,0.0,0.0
97.375,0.0,0.9983089273164106,0.9983078565545914,65.97993675000001,0.0,0.0
97.625,0.0,0.9983175729271061,0.9983165075810838,66.14933325,0.0,0.0
97.875,0.0,0.9983261524184122,0.9983250924471556,66.31872975,0.0,0.0
98.125,0.0,0.9983346664627164,0.9983336118255981,66.48812625000001,0.0,0.0
98.375,0.0,0.9983431157236642,0.9983420663806708,66.65752275,0.0,0.0
98.625,0.0,0.9983515008570351,0.9983504567682399,66.82691925,0.0,0.0
98.875,0.0,0.9983598225097038,0.998358783635891,66.99631575000001,0.0,0.0
99.125,0.0,0.9983680813208038,0.9983670476230695,67.16571225,0.0,0.0
99.375,0.0,0.9983762779215318,0.9983752493611923,67.33510875,0.0,0.0
99.625,0.0,0.9983844129348484,0.9983833894737729,67.50450525000001,0.0,0.0
99.875,0.0,0.9983924869761517,0.9983914685765398,67.67390175,0.0,0.0
100.125,0.0,0.9984005006532463,0.998399487277551,67.84329825,0.0,0.0
100.375,0.0,0.9984084545659933,0.9984074461773089,68.01269475000001,0.0,0.0
100.625,0.0,0.9984163493072585,0.9984153458688751,68.18209125,0.0,0.0
100.875,0.0,0.9984241854626389,0.9984231869379775,68.35148775,0.0,0.0
101.125,0.0,0.9984319636097836,0.9984309699631193,68.52088425000001,0.0,0.0
101.375,0.0,0.9984396843201535,0.9984386955156888,68.69028075,0.0,0.0
101.625,0.0,0.9984473481575322,0.9984463641600598,68.85967725,0.0,0.0
101.875,0.0,0.9984549556791776,0.9984539764536969,69.02907375000001,0.0,0.0
102.125,0.0,0.9984625074353667,0.9984615329472581,69.19847025,0.0,0.0
102.375,0.0,0.9984700039696449,0.998469034184691,69.36786675,0.0,0.0
102.625,0.0,0.9984774458190054,0.9984764807033326,69.53726325,0.0,0.0
102.875,0.0,0.9984848335142487,0.9984838730340064,69.70665975,0.0,0.0
103.125,0.0,0.9984921675790961,0.9984912117011142,69.87605625,0.0,0.0
103.375,0.0,0.998499448531476,0.9984984972227314,70.04545275,0.0,0.0
103.625,0.0,0.9985066768829268,0.9985057301106979,70.21484925,0.0,0.0
103.875,0.0,0.998513853138644,0.9985129108707059,70.38424575,0.0,0.0
104.125,0.0,0.9985209777981219,0.9985200400023919,70.55364225,0.0,0.0
104.375,0.0,0.9985280513548489,0.9985271179994215,70.72303875,0.0,0.0
104.625,0.0,0.9985350742958676,0.9985341453495719,70.89243525,0.0,0.0
104.875,0.0,0.9985420471033639,0.9985411225348237,71.06183175,0.0,0.0
105.125,0.0,0.9985489702530569,0.9985480500314352,71.23122825,0.0,0.0
105.375,0.0,0.9985558442152617,0.998554928310027,71.40062475,0.0,0.0
105.625,0.0,0.9985626694548151,0.9985617578356639,71.57002125,0.0,0.0
105.875,0.0,0.9985694464309557,0.9985685390679303,71.73941775,0.0,0.0
106.125,0.0,0.9985761755977461,0.9985752724610097,71.90881425,0.0,0.0
106.375,0.0,0.9985828574035026,0.9985819584637574,72.07821075,0.0,0.0
106.625,0.0,0.9985894922917827,0.99858859751978,72.24760725,0.0,0.0
106.875,0.0,0.998596080700711,0.998595190067506,72.41700375,0.0,0.0
107.125,0.0,0.9986026230633092,0.9986017365402566,72.58640025,0.0,0.0
107.375,0.0,0.9986091198075505,0.9986082373663221,72.75579675,0.0,0.0
107.625,0.0,0.9986155713564883,0.998614692969026,72.92519325,0.0,0.0
107.875,0.0,0.9986219781283078,0.9986211037667982,73.09458975,0.0,0.0
108.125,0.0,0.9986283405366254,0.9986274701732409,73.26398625,0.0,0.0
108.375,0.0,0.9986346589896407,0.9986337925971933,73.43338275,0.0,0.0
108.625,0.0,0.9986409338914745,0.9986400714428033,73.60277925,0.0,0.0
108.875,0.0,0.9986471656413818,0.9986463071095852,73.77217575,0.0,0.0
109.125,0.0,0.998653354633957,0.9986524999924861,73.94157225000001,0.0,0.0
109.375,0.0,0.9986595012594565,0.9986586504819506,74.11096875,0.0,0.0
109.625,0.0,0.99866560590367,0.9986647589639788,74.28036525,0.0,0.0
109.875,0.0,0.9986716689478998,0.9986708258201876,74.44976175000001,0.0,0.0
110.125,0.0,0.998677690769482,0.9986768514278724,74.61915825,0.0,0.0
110.375,0.0,0.9986836717407676,0.9986828361600621,74.78855475,0.0,0.0
110.625,0.0,0.9986896122307343,0.9986887803855815,74.95795125000001,0.0,0.0
110.875,0.0,0.9986955126036978,0.9986946844691031,75.12734775,0.0,0.0
111.125,0.0,0.9987013732199402,0.9987005487712062,75.29674425,0.0,0.0
111.375,0.0,0.9987071944358032,0.998706373648432,75.46614075000001,0.0,0.0
111.625,0.0,0.9987129766036694,0.9987121594533357,75.63553725,0.0,0.0
111.875,0.0,0.9987187200719833,0.9987179065345411,75.80493375,0.0,0.0
112.125,0.0,0.9987244251853968,0.9987236152367943,75.97433025000001,0.0,0.0
112.375,0.0,0.9987300922843421,0.9987292859010113,76.14372675,0.0,0.0
112.625,0.0,0.9987357217056974,0.9987349188643337,76.31312325,0.0,0.0
112.875,0.0,0.9987413137831331,0.9987405144601765,76.48251975000001,0.0,0.0
113.125,0.0,0.9987468688458191,0.9987460730182771,76.65191625,0.0,0.0
113.375,0.0,0.9987523872196058,0.9987515948647445,76.82131275,0.0,0.0
113.625,0.0,0.9987578692271332,0.9987570803221076,76.99070925000001,0.0,0.0
113.875,0.0,0.9987633151868767,0.9987625297093599,77.16010575,0.0,0.0
114.125,0.0,0.9987687254143987,0.9987679433420095,77.32950225,0.0,0.0
114.375,0.0,0.9987741002215034,0.9987733215321224,77.49889875000001,0.0,0.0
114.625,0.0,0.9987794399165615,0.9987786645883655,77.66829525,0.0,0.0
114.875,0.0,0.9987847448047645,0.9987839728160561,77.83769175,0.0,0.0
115.125,0.0,0.998790015188054,0.9987892465172027,78.00708825000001,0.0,0.0
115.375,0.0,0.9987952513646878,0.9987944859905453,78.17648475,0.0,0.0
115.625,0.0,0.9988004536303184,0.9987996915316018,78.34588125,0.0,0.0
115.875,0.0,0.9988056222768348,0.9988048634327088,78.51527775,0.0,0.0
116.125,0.0,0.9988107575935681,0.9988100019830606,78.68467425,0.0,0.0
116.375,0.0,0.9988158598661625,0.9988151074687516,78.85407075,0.0,0.0
116.625,0.0,0.9988209293776723,0.9988201801728153,79.02346725,0.0,0.0
116.875,0.0,0.9988259664076593,0.9988252203752631,79.19286375,0.0,0.0
117.125,0.0,0.9988309712333604,0.9988302283531245,79.36226025,0.0,0.0
117.375,0.0,0.9988359441284149,0.9988352043804825,79.53165675,0.0,0.0
117.625,0.0,0.9988408853638857,0.9988401487285143,79.70105325,0.0,0.0
117.875,0.0,0.9988457952080001,0.9988450616655258,79.87044975,0.0,0.0
118.125,0.0,0.9988506739258624,0.9988499434569876,80.03984625,0.0,0.0
118.375,0.0,0.9988555217801739,0.9988547943655762,80.20924275,0.0,0.0
118.625,0.0,0.9988603390306967,0.9988596146511999,80.37863925,0.0,0.0
118.875,0.0,0.9988651259343857,0.9988644045710413,80.54803575,0.0,0.0
119.125,0.0,0.9988698827455231,0.998869164379589,80.71743225,0.0,0.0
119.375,0.0,0.9988746097157953,0.9988738943286719,80.88682875,0.0,0.0
119.625,0.0,0.9988793070943693,0.9988785946674925,81.05622525,0.0,0.0
119.875,0.0,0.9988839751275453,0.9988832656426565,81.22562175,0.0,0.0
120.125,0.0,0.998888614059294,0.9988879074982112,81.39501825,0.0,0.0
120.375,0.0,0.9988932241311762,0.9988925204756729,81.56441475,0.0,0.0
120.625,0.0,0.998897805581625,0.998897104814058,81.73381125,0.0,0.0
120.875,0.0,0.9989023586474199,0.9989016607499184,81.90320775,0.0,0.0
121.125,0.0,0.9989068835623142,0.9989061885173667,82.07260425,0.0,0.0
121.375,0.0,0.9989113805578845,0.9989106883481084,82.24200075,0.0,0.0
121.625,0.0,0.9989158498635218,0.998915160471475,82.41139725000001,0.0,0.0
121.875,0.0,0.9989202917058831,0.9989196051144458,82.58079375,0.0,0.0
122.125,0.0,0.9989247063095452,0.9989240225016831,82.75019025,0.0,0.0
122.375,0.0,0.99892909389662,0.9989284128555576,82.91958675000001,0.0,0.0
122.625,0.0,0.9989334546874042,0.9989327763961787,83.08898325,0.0,0.0
122.875,0.0,0.9989377888993234,0.9989371133414179,83.25837975,0.0,0.0
123.125,0.0,0.9989420967480463,0.9989414239069393,83.42777625000001,0.0,0.0
123.375,0.0,0.9989463784468154,0.9989457083062264,83.59717275,0.0,0.0
123.625,0.0,0.9989506342067955,0.9989499667506068,83.76656925,0.0,0.0
123.875,0.0,0.9989548642373868,0.9989541994492824,83.93596575000001,0.0,0.0
124.125,0.0,0.9989590687451436,0.9989584066093462,84.10536225,0.0,0.0
124.375,0.0,0.9989632479352543,0.9989625884358172,84.27475875,0.0,0.0
124.625,0.0,0.9989674020104954,0.9989667451316613,84.44415525000001,0.0,0.0
124.875,0.0,0.998971531171581,0.9989708768978152,84.61355175,0.0,0.0
125.125,0.0,0.9989756356172824,0.9989749839332114,84.78294825,0.0,0.0
